model,accuracy,precision,recall,f1
jac_scm,0.7336448598130841,0.7138441132802035,0.6953786650767138,0.7031503986457123
